text_id,cohesion,syntax,vocabulary,phraseology,grammar,conventions
0000C359D63E,3.094363447405849,2.8380463231952486,3.0481666983288767,2.9718794374318835,2.829054552392978,2.925460666864417
000BAD50D026,3.0452754518272367,2.8925458170205793,3.2076716034872055,3.034207021676896,3.1281083084122008,3.4701545325328604
00367BB2546B,3.142584543979634,3.1864543804171186,3.6063074284075745,3.292800352248241,3.712585477974589,3.6055372324165984
